id;wkt
1;POLYGON((-5.72100173529 50.9395059862,-5.72100173529 51.9663755252,-2.07353625457 51.9663755252,-2.07353625457 50.9395059862,-5.72100173529 50.9395059862))