id;wkt
1;POLYGON((-1.10674239634 53.4047260089,-1.10674239634 53.8995861356,0.673044760321 53.8995861356,0.673044760321 53.4047260089,-1.10674239634 53.4047260089))