id;wkt
1;POLYGON((-0.887014477845 53.3260577707,-0.887014477845 53.8218354032,0.73896313587 53.8218354032,0.73896313587 53.3260577707,-0.887014477845 53.3260577707))